<?xml version="1.0" encoding="utf-8"?>
<extension type="module" version="3.1.0" client="site" method="upgrade">
    <name>SVT Slider</name>
    <author>Hans Joachim Herbertz</author>
    <version>1.0.0</version>
    <description>Replace Ari Image Slider</description>
    <files>
        <filename>mod_svtslider.xml</filename>
        <filename module="mod_svtslider">mod_svtslider.php</filename>
        <filename>index.html</filename>
        <filename>helper.php</filename>
        <filename>tmpl/default.php</filename>
        <filename>tmpl/index.html</filename>
    </files>
    <config>
    </config>
</extension>